Fiscal year is January-December. All values USD Millions.,2022,2021,2020,2019,2018,5-year trend,All values USD Millions.,2022,2021,2020,2019,2018,5-year trend
Total Cash & Due from Banks,179,71,423,75,42,,,,,,
,,,,
Cash & Due from Banks Growth,153.31%,-83.28%,460.58%,79.29%,-,,,,,,,,,,,
,,,,
,,,,
Investments - Total,"1,832","2,169","1,653","1,457","1,365",,,,,,
,,,,
Trading Account Securities,-,-,-,-,-,

Federal Funds Sold & Securities Purchased,-,-,-,-,-,

Federal Funds Sold,-,-,-,-,-,

Securities Bought Under Resale Agreement,-,-,-,-,-,

Treasury Securities,113,80,31,62,78,,,,,,
,,,,
Federal Agency Securities,-,-,-,-,-,

State & Municipal Securities,4,4,17,2,1,,,,,,
,,,,
Mortgage Backed Securities,"1,553","1,939","1,458","1,246","1,159",,,,,,
,,,,
Other Securities,83,113,80,77,60,,,,,,
,,,,
Other Investments,78,33,68,70,68,,,,,,
,,,,
Investments Growth,-15.57%,31.26%,13.44%,6.70%,-,,,,,,,,,,,
,,,,
,,,,
Net Loans,"7,625","6,298","6,107","6,136","4,917",,,,,,
,,,,
Gross Loans - Net of Unearned Income,-,-,-,-,-,

Commercial & Industrial Loans,497,452,753,485,334,,,,,,
,,,,
Consumer & Installment Loans,3,1,1,2,1,,,,,,
,,,,
Interbank Loans,-,-,-,-,-,

Real Estate Mortgage Loans,"7,124","5,876","5,408","5,689","4,627",,,,,,
,,,,
Lease Financing Loans,-,-,-,-,-,

Foreign Loans,-,-,-,-,-,

Broker & Financial Institution Loans,-,-,-,-,-,

Unspecified/Other Loans,53,25,13,21,17,,,,,,
,,,,
Unearned Income,-,-,-,-,-,

Loan Loss Allowances (Reserves),(53),(63),(75),(62),(62),,,,,,,,,,,
,,,,
,,,,
Investment in Unconsolidated Subs.,-,-,-,-,-,

Customer Liability on Acceptances,-,-,-,-,-,

Real Estate Other Than Bank Premises,-,-,-,-,0,,,,,,
,,,,
Loans - 1 Yr Growth Rate,21.07%,3.12%,-0.47%,24.79%,-,,,,,,,,,,,
,,,,
,,,,
Total Deposits FOR CALC PURPOSES,"8,001","7,570","6,779","5,646","4,414",,,,,,
,,,,
Loans (Total) / Total Deposits,0.00%,0.00%,0.00%,0.00%,0.00%,-
Loans (Total) / Total Assets,0.00%,0.00%,0.00%,0.00%,0.00%,-
"Net Property, Plant & Equipment",84,79,76,73,52,,,,,,
,,,,
Other Assets (Including Intangibles),655,579,503,415,280,,,,,,
,,,,
Other Assets,531,489,417,347,274,,,,,,
,,,,
Intangible Assets,124,91,86,68,6,,,,,,
,,,,
Deferred Charges,182,182,100,93,64,,,,,,
,,,,
Interest Receivables,34,28,29,22,19,,,,,,
,,,,
Total Assets,"10,408","9,300","8,870","8,230","6,725",,,,,,
,,,,
Assets - Total Growth,11.91%,4.85%,7.78%,22.38%,-,,,,,,
,,,,
Return On Average Assets,0.87%,-,-,-,-,,,,,,
,,,,

Total Deposits,"8,001","7,570","6,779","5,646","4,414",,,,,,
,,,,
Demand Deposits,"5,118","4,969","4,132","3,089","2,203",,,,,,
,,,,
Savings/Time Deposits,"2,884","2,601","2,647","2,557","2,211",,,,,,
,,,,
Foreign Office Deposits,-,-,-,-,-,

Unspecified Deposits,-,-,-,-,-,

Deposits Growth,5.69%,11.68%,20.06%,27.91%,-,,,,,,
,,,,
Total Debt,"1,146",397,819,"1,407","1,189",,,,,,
,,,,
ST Debt & Current Portion LT Debt,681,233,500,"1,004",160,,,,,,
,,,,
Current Portion of Long Term Debt,676,229,496,896,-,,,,,,
,,,,
Short Term Debt,4,4,4,108,160,,,,,,
,,,,
Long-Term Debt,465,164,319,403,"1,030",,,,,,
,,,,
LT Debt excl. Capitalized Leases,451,149,303,403,"1,030",,,,,,
,,,,
Capitalized Lease Obligations,-,-,-,-,-,

Provision for Risks & Charges,32,16,17,11,21,,,,,,
,,,,
Long Term Debt Growth,183.56%,-48.66%,-20.73%,-60.87%,-,,,,,,,,,,,
,,,,
,,,,
Total Assets FOR CALCULATION PURPOSES ONLY,"10,408","9,300","8,870","8,230","6,725",,,,,,
,,,,
Total Debt / Total Assets,11.01%,4.27%,9.24%,17.10%,17.68%,,,,,,
,,,,
Deferred Tax Liabilities,-,10,(7),(10),(16),,,,,,,,,,,
,,,,
,,,,
Deferred Taxes - Credit,-,86,72,41,33,,,,,,
,,,,
Deferred Taxes - Debit,-,76,79,52,50,,,,,,
,,,,
Other Liabilities,175,152,173,142,96,,,,,,
,,,,
Deferred Tax Liability-Untaxed Reserves,-,-,-,-,-,

Other Liabilities (excl. Deferred Income),175,152,173,142,96,,,,,,
,,,,
Deferred Income,-,-,-,-,-,

Total Liabilities,"9,355","8,221","7,859","7,247","5,753",,,,,,
,,,,
Total Liabilities Growth,13.79%,4.61%,8.44%,25.98%,-,,,,,,
,,,,
Preferred Stock (Carrying Value),-,-,-,-,-,

Redeemable Preferred Stock,-,-,-,-,-,

Non-Redeemable Preferred Stock,-,-,-,-,-,

Preferred Stock issues for ESOP,-,-,-,-,-,

ESOP Guarantees - Preferred Stock,-,-,-,-,-,

Common Equity (Total),"1,054","1,079","1,011",983,972,,,,,,
,,,,
Common Stock Par/Carry Value,1,1,1,1,1,,,,,,
,,,,
Additional Paid-In Capital/Capital Surplus,781,668,610,532,527,,,,,,
,,,,
Retained Earnings,858,765,673,615,560,,,,,,
,,,,
ESOP Debt Guarantee,(35),(37),(39),(42),(44),,,,,,,,,,,
,,,,
,,,,
Cumulative Translation Adjustment/Unrealized For. Exch. Gain,-,-,-,-,-,

Unrealized Gain/Loss Marketable Securities,(135),2,31,9,(13),,,,,,,,,,,
,,,,
,,,,
Revaluation Reserves,-,-,-,-,-,

Other Appropriated Reserves,(41),(46),(99),(77),(58),,,,,,,,,,,
,,,,
,,,,
Unappropriated Reserves,-,-,-,-,-,

Treasury Stock,(375),(274),(165),(56),(1),,,,,,,,,,,
,,,,
,,,,
Common Equity / Total Assets,0.10%,0.12%,0.11%,0.12%,0.14%,,,,,,
,,,,
Total Shareholders' Equity,"1,054","1,079","1,011",983,972,,,,,,
,,,,
Total Shareholders' Equity / Total Assets,10.12%,11.60%,11.40%,11.94%,14.45%,,,,,,
,,,,
Return On Average Total Equity,8.08%,-,-,-,-,,,,,,
,,,,
Accumulated Minority Interest,-,-,-,-,-,

Total Equity,"1,054","1,079","1,011",983,972,,,,,,
,,,,
Liabilities & Shareholders' Equity,"10,408","9,300","8,870","8,230","6,725",,,,,,
,,,,
