Fiscal year is January-December. All values USD Millions.,2022,2021,2020,2019,,5-year trend,All values USD Millions.,2022,2021,2020,2019,,5-year trend
Total Cash & Due from Banks,33,136,46,29,-,,,,,,
,,,,
Cash & Due from Banks Growth,-76.07%,195.63%,59.47%,0.00%,-,,,,,,,,,,,
,,,,
,,,,
Investments - Total,383,481,406,269,-,,,,,,
,,,,
Trading Account Securities,-,-,-,-,-,

Federal Funds Sold & Securities Purchased,-,-,-,-,-,

Federal Funds Sold,-,-,-,-,-,

Securities Bought Under Resale Agreement,-,-,-,-,-,

Treasury Securities,-,-,-,-,-,

Federal Agency Securities,14,20,32,30,-,,,,,,
,,,,
State & Municipal Securities,42,50,66,26,-,,,,,,
,,,,
Mortgage Backed Securities,62,82,25,31,-,,,,,,
,,,,
Other Securities,7,8,4,3,-,,,,,,
,,,,
Other Investments,258,321,279,180,-,,,,,,
,,,,
Investments Growth,-20.31%,18.36%,50.76%,0.00%,-,,,,,,,,,,,
,,,,
,,,,
Net Loans,"2,763","1,911","1,481","1,165",-,,,,,,
,,,,
Gross Loans - Net of Unearned Income,-,-,-,-,-,

Commercial & Industrial Loans,251,180,304,117,-,,,,,,
,,,,
Consumer & Installment Loans,29,17,5,9,-,,,,,,
,,,,
Interbank Loans,-,-,-,-,-,

Real Estate Mortgage Loans,"2,514","1,739","1,197","1,056",-,,,,,,
,,,,
Lease Financing Loans,-,-,-,-,-,

Foreign Loans,-,-,-,-,-,

Broker & Financial Institution Loans,-,-,-,-,-,

Unspecified/Other Loans,-,-,-,-,-,

Unearned Income,(2),(2),(3),(1),-,,,,,,,,,,,
,,,,
,,,,
Loan Loss Allowances (Reserves),(28),(23),(22),(15),-,,,,,,,,,,,
,,,,
,,,,
Investment in Unconsolidated Subs.,-,-,-,-,-,

Customer Liability on Acceptances,-,-,-,-,-,

Real Estate Other Than Bank Premises,-,-,-,-,-,

Loans - 1 Yr Growth Rate,44.56%,29.05%,27.08%,0.00%,-,,,,,,
,,,,
Total Deposits FOR CALC PURPOSES,"2,782","2,286","1,784","1,312",-,,,,,,
,,,,
Loans (Total) / Total Deposits,0.00%,0.00%,0.00%,0.00%,-,,,,,,
,,,,
Loans (Total) / Total Assets,0.00%,0.00%,0.00%,0.00%,-,,,,,,
,,,,
"Net Property, Plant & Equipment",6,2,2,1,-,,,,,,
,,,,
Other Assets (Including Intangibles),36,22,14,11,-,,,,,,
,,,,
Other Assets,36,22,14,11,-,,,,,,
,,,,
Intangible Assets,-,-,-,-,-,

Deferred Charges,-,-,-,-,-,

Interest Receivables,7,5,5,3,-,,,,,,
,,,,
Total Assets,"3,227","2,557","1,954","1,480",-,,,,,,
,,,,
Assets - Total Growth,26.22%,30.86%,32.02%,0.00%,-,,,,,,
,,,,
Return On Average Assets,1.55%,-,-,-,-,,,,,,
,,,,

Total Deposits,"2,782","2,286","1,784","1,312",-,,,,,,
,,,,
Demand Deposits,"2,285","2,093","1,687","1,174",-,,,,,,
,,,,
Savings/Time Deposits,497,193,97,138,-,,,,,,
,,,,
Foreign Office Deposits,-,-,-,-,-,

Unspecified Deposits,-,-,-,-,-,

Deposits Growth,21.70%,28.13%,36.00%,0.00%,-,,,,,,
,,,,
Total Debt,178,28,28,53,-,,,,,,
,,,,
ST Debt & Current Portion LT Debt,101,-,-,-,-,,,,,,
,,,,
Current Portion of Long Term Debt,-,-,-,-,-,

Short Term Debt,101,-,-,-,-,,,,,,
,,,,
Long-Term Debt,77,28,28,53,-,,,,,,
,,,,
LT Debt excl. Capitalized Leases,74,28,28,53,-,,,,,,
,,,,
Capitalized Lease Obligations,-,-,-,-,-,

Provision for Risks & Charges,0,-,-,-,-,,,,,,
,,,,
Long Term Debt Growth,170.70%,0.23%,-46.82%,0.00%,-,,,,,,,,,,,
,,,,
,,,,
Total Assets FOR CALCULATION PURPOSES ONLY,"3,227","2,557","1,954","1,480",-,,,,,,
,,,,
Total Debt / Total Assets,5.51%,1.11%,1.45%,3.60%,-,,,,,,
,,,,
Deferred Tax Liabilities,-,-,-,-,-,

Deferred Taxes - Credit,-,-,-,-,-,

Deferred Taxes - Debit,-,-,-,-,-,

Other Liabilities,14,7,8,6,-,,,,,,
,,,,
Deferred Tax Liability-Untaxed Reserves,-,-,-,-,-,

Other Liabilities (excl. Deferred Income),14,7,8,6,-,,,,,,
,,,,
Deferred Income,-,-,-,-,-,

Total Liabilities,"2,974","2,322","1,820","1,371",-,,,,,,
,,,,
Total Liabilities Growth,28.11%,27.57%,32.75%,0.00%,-,,,,,,
,,,,
Preferred Stock (Carrying Value),-,-,-,-,-,

Redeemable Preferred Stock,-,-,-,-,-,

Non-Redeemable Preferred Stock,-,-,-,-,-,

Preferred Stock issues for ESOP,-,-,-,-,-,

ESOP Guarantees - Preferred Stock,-,-,-,-,-,

Common Equity (Total),253,235,134,109,-,,,,,,
,,,,
Common Stock Par/Carry Value,220,218,110,96,-,,,,,,
,,,,
Additional Paid-In Capital/Capital Surplus,-,-,-,-,-,

Retained Earnings,47,17,22,13,-,,,,,,
,,,,
ESOP Debt Guarantee,-,-,-,-,-,

Cumulative Translation Adjustment/Unrealized For. Exch. Gain,-,-,-,-,-,

Unrealized Gain/Loss Marketable Securities,-,-,-,-,-,

Revaluation Reserves,-,-,-,-,-,

Other Appropriated Reserves,(13),(1),1,(0),-,,,,,,,,,,,
,,,,
,,,,
Unappropriated Reserves,-,-,-,-,-,

Treasury Stock,-,-,-,-,-,

Common Equity / Total Assets,0.08%,0.09%,0.07%,0.07%,-,,,,,,
,,,,
Total Shareholders' Equity,253,235,134,109,-,,,,,,
,,,,
Total Shareholders' Equity / Total Assets,7.83%,9.19%,6.85%,7.36%,-,,,,,,
,,,,
Return On Average Total Equity,18.37%,-,-,-,-,,,,,,
,,,,
Accumulated Minority Interest,-,-,-,-,-,

Total Equity,253,235,134,109,-,,,,,,
,,,,
Liabilities & Shareholders' Equity,"3,227","2,557","1,954","1,480",-,,,,,,
,,,,
