Fiscal year is October-September. All values USD Millions.,2022,2021,2020,2019,2018,5-year trend,All values USD Millions.,2022,2021,2020,2019,2018,5-year trend
Total Cash & Due from Banks,5,100,16,1,2,,,,,,
,,,,
Cash & Due from Banks Growth,-95.31%,508.26%,1070.43%,-10.43%,-,,,,,,,,,,,
,,,,
,,,,
Investments - Total,187,153,110,209,93,,,,,,
,,,,
Trading Account Securities,-,-,-,-,-,

Federal Funds Sold & Securities Purchased,-,-,-,-,-,

Federal Funds Sold,-,-,-,-,-,

Securities Bought Under Resale Agreement,-,-,-,-,-,

Treasury Securities,1,-,-,-,10,,,,,,
,,,,
Federal Agency Securities,33,15,5,4,2,,,,,,
,,,,
State & Municipal Securities,28,9,5,9,15,,,,,,
,,,,
Mortgage Backed Securities,10,9,10,13,16,,,,,,
,,,,
Other Securities,38,38,27,15,11,,,,,,
,,,,
Other Investments,77,83,63,168,39,,,,,,
,,,,
Investments Growth,22.03%,39.53%,-47.48%,124.00%,-,,,,,,,,,,,
,,,,
,,,,
Net Loans,802,903,"1,027","1,012",902,,,,,,
,,,,
Gross Loans - Net of Unearned Income,-,-,-,-,-,

Commercial & Industrial Loans,128,136,134,175,137,,,,,,
,,,,
Consumer & Installment Loans,2,2,3,2,2,,,,,,
,,,,
Interbank Loans,-,-,-,-,-,

Real Estate Mortgage Loans,681,775,902,845,771,,,,,,
,,,,
Lease Financing Loans,-,-,-,-,-,

Foreign Loans,-,-,-,-,-,

Broker & Financial Institution Loans,-,-,-,-,-,

Unspecified/Other Loans,1,1,0,1,1,,,,,,
,,,,
Unearned Income,-,-,-,-,-,

Loan Loss Allowances (Reserves),(9),(11),(12),(10),(9),,,,,,,,,,,
,,,,
,,,,
Investment in Unconsolidated Subs.,-,-,-,-,-,

Customer Liability on Acceptances,-,-,-,-,-,

Real Estate Other Than Bank Premises,0,5,6,6,-,,,,,,
,,,,
Loans - 1 Yr Growth Rate,-11.20%,-12.07%,1.47%,12.18%,-,,,,,,,,,,,
,,,,
,,,,
Total Deposits FOR CALC PURPOSES,785,938,891,954,774,,,,,,
,,,,
Loans (Total) / Total Deposits,0.00%,0.00%,0.00%,0.00%,0.00%,-
Loans (Total) / Total Assets,0.00%,0.00%,0.00%,0.00%,0.00%,-
"Net Property, Plant & Equipment",6,8,9,7,7,,,,,,
,,,,
Other Assets (Including Intangibles),36,34,33,27,23,,,,,,
,,,,
Other Assets,36,34,33,27,23,,,,,,
,,,,
Intangible Assets,-,-,-,-,-,

Deferred Charges,-,-,-,-,-,

Interest Receivables,4,4,4,4,4,,,,,,
,,,,
Total Assets,"1,046","1,210","1,209","1,269","1,034",,,,,,
,,,,
Assets - Total Growth,-13.57%,0.06%,-4.77%,22.72%,-,,,,,,,,,,,
,,,,
,,,,
Return On Average Assets,0.62%,-,-,-,-,,,,,,
,,,,

Total Deposits,785,938,891,954,774,,,,,,
,,,,
Demand Deposits,579,776,632,634,497,,,,,,
,,,,
Savings/Time Deposits,207,162,259,319,278,,,,,,
,,,,
Foreign Office Deposits,-,-,-,-,-,

Unspecified Deposits,-,-,-,-,-,

Deposits Growth,-16.29%,5.30%,-6.60%,23.21%,-,,,,,,,,,,,
,,,,
,,,,
Total Debt,106,117,162,162,145,,,,,,
,,,,
ST Debt & Current Portion LT Debt,80,90,110,93,93,,,,,,
,,,,
Current Portion of Long Term Debt,80,90,110,93,90,,,,,,
,,,,
Short Term Debt,0,0,-,-,3,,,,,,
,,,,
Long-Term Debt,26,26,52,69,52,,,,,,
,,,,
LT Debt excl. Capitalized Leases,25,25,49,69,52,,,,,,
,,,,
Capitalized Lease Obligations,-,-,-,-,-,

Provision for Risks & Charges,1,1,-,-,-,,,,,,
,,,,
Long Term Debt Growth,-1.70%,-49.07%,-25.00%,31.32%,-,,,,,,,,,,,
,,,,
,,,,
Total Assets FOR CALCULATION PURPOSES ONLY,"1,046","1,210","1,209","1,269","1,034",,,,,,
,,,,
Total Debt / Total Assets,10.17%,9.65%,13.37%,12.75%,14.01%,,,,,,
,,,,
Deferred Tax Liabilities,(4),(4),(4),(3),(3),,,,,,,,,,,
,,,,
,,,,
Deferred Taxes - Credit,1,0,1,-,0,,,,,,
,,,,
Deferred Taxes - Debit,5,4,4,3,4,,,,,,
,,,,
Other Liabilities,6,11,15,11,4,,,,,,
,,,,
Deferred Tax Liability-Untaxed Reserves,-,-,-,-,-,

Other Liabilities (excl. Deferred Income),6,11,15,11,4,,,,,,
,,,,
Deferred Income,-,-,-,-,-,

Total Liabilities,899,"1,067","1,068","1,127",924,,,,,,
,,,,
Total Liabilities Growth,-15.77%,-0.08%,-5.20%,22.02%,-,,,,,,,,,,,
,,,,
,,,,
Preferred Stock (Carrying Value),-,-,-,-,-,

Redeemable Preferred Stock,-,-,-,-,-,

Non-Redeemable Preferred Stock,-,-,-,-,-,

Preferred Stock issues for ESOP,-,-,-,-,-,

ESOP Guarantees - Preferred Stock,-,-,-,-,-,

Common Equity (Total),146,142,141,143,111,,,,,,
,,,,
Common Stock Par/Carry Value,0,0,0,0,0,,,,,,
,,,,
Additional Paid-In Capital/Capital Surplus,86,86,85,85,61,,,,,,
,,,,
Retained Earnings,67,60,60,60,50,,,,,,
,,,,
ESOP Debt Guarantee,(1),(1),(1),(1),(1),,,,,,,,,,,
,,,,
,,,,
Cumulative Translation Adjustment/Unrealized For. Exch. Gain,-,-,-,-,-,

Unrealized Gain/Loss Marketable Securities,(6),0,(0),(0),(0),,,,,,,,,,,
,,,,
,,,,
Revaluation Reserves,-,-,-,-,-,

Other Appropriated Reserves,3,(0),(1),(0),1,,,,,,,,,,,
,,,,
,,,,
Unappropriated Reserves,-,-,-,-,-,

Treasury Stock,(3),(3),(3),(0),-,,,,,,,,,,,
,,,,
,,,,
Common Equity / Total Assets,0.14%,0.12%,0.12%,0.11%,0.11%,,,,,,
,,,,
Total Shareholders' Equity,146,142,141,143,111,,,,,,
,,,,
Total Shareholders' Equity / Total Assets,14.01%,11.75%,11.63%,11.23%,10.71%,,,,,,
,,,,
Return On Average Total Equity,4.82%,-,-,-,-,,,,,,
,,,,
Accumulated Minority Interest,-,-,-,-,-,

Total Equity,146,142,141,143,111,,,,,,
,,,,
Liabilities & Shareholders' Equity,"1,046","1,210","1,209","1,269","1,034",,,,,,
,,,,
