Fiscal year is January-December. All values USD Thousands.,2022,2021,2020,2019,,5-year trend,All values USD Thousands.,2022,2021,2020,2019,,5-year trend
Total Cash & Due from Banks,"15,918.0","15,508.0","25,899.0","4,236.0",-,,,,,,
,,,,
Cash & Due from Banks Growth,2.64%,-40.12%,511.40%,0.00%,-,,,,,,,,,,,
,,,,
,,,,
Investments - Total,"56,346.0","38,738.0","52,479.0","33,694.0",-,,,,,,
,,,,
Trading Account Securities,-,-,-,-,-,

Federal Funds Sold & Securities Purchased,-,"11,256.0","24,592.0","8,633.0",-,,,,,,
,,,,
Federal Funds Sold,"1,186.0","11,256.0","24,592.0","8,633.0",-,,,,,,
,,,,
Securities Bought Under Resale Agreement,-,-,-,-,-,

Treasury Securities,"29,819.0",-,-,-,-,,,,,,
,,,,
Federal Agency Securities,-,-,-,-,-,

State & Municipal Securities,-,-,-,-,-,

Mortgage Backed Securities,"3,111.0","4,829.0","8,602.0","15,021.0",-,,,,,,
,,,,
Other Securities,"19,879.0","21,669.0","18,139.0","8,670.0",-,,,,,,
,,,,
Other Investments,"2,351.0",984.0,"1,146.0","1,370.0",-,,,,,,
,,,,
Investments Growth,45.45%,-26.18%,55.75%,0.00%,-,,,,,,,,,,,
,,,,
,,,,
Net Loans,"300,855.0","249,196.0","186,045.0","171,218.0",-,,,,,,
,,,,
Gross Loans - Net of Unearned Income,-,-,-,-,-,

Commercial & Industrial Loans,"17,874.0","19,417.0","11,801.0","6,353.0",-,,,,,,
,,,,
Consumer & Installment Loans,"8,203.0","3,038.0","3,056.0",134.0,-,,,,,,
,,,,
Interbank Loans,-,-,-,-,-,

Real Estate Mortgage Loans,"279,360.0","230,504.0","174,627.0","167,225.0",-,,,,,,
,,,,
Lease Financing Loans,-,-,-,-,-,

Foreign Loans,-,-,-,-,-,

Broker & Financial Institution Loans,-,-,-,-,-,

Unspecified/Other Loans,-,-,-,-,-,

Unearned Income,(590.0),(618.0),(585.0),(655.0),-,,,,,,,,,,,
,,,,
,,,,
Loan Loss Allowances (Reserves),"(3,992.0)","(3,145.0)","(2,854.0)","(1,839.0)",-,,,,,,,,,,,
,,,,
,,,,
Investment in Unconsolidated Subs.,-,-,-,-,-,

Customer Liability on Acceptances,-,-,-,-,-,

Real Estate Other Than Bank Premises,-,-,-,-,-,

Loans - 1 Yr Growth Rate,20.73%,33.94%,8.66%,0.00%,-,,,,,,
,,,,
Total Deposits FOR CALC PURPOSES,"289,495.0","251,130.0","231,416.0","168,039.0",-,,,,,,
,,,,
Loans (Total) / Total Deposits,0.00%,0.00%,0.00%,0.00%,-,,,,,,
,,,,
Loans (Total) / Total Assets,0.00%,0.00%,0.00%,0.00%,-,,,,,,
,,,,
"Net Property, Plant & Equipment","1,693.0","1,949.0","2,106.0","1,688.0",-,,,,,,
,,,,
Other Assets (Including Intangibles),"8,956.0","7,741.0","7,272.0","5,003.0",-,,,,,,
,,,,
Other Assets,"8,956.0","7,741.0","7,272.0","5,003.0",-,,,,,,
,,,,
Intangible Assets,-,-,-,-,-,

Deferred Charges,-,-,-,-,-,

Interest Receivables,"1,123.0",852.0,851.0,514.0,-,,,,,,
,,,,
Total Assets,"386,792.0","315,137.0","275,540.0","216,952.0",-,,,,,,
,,,,
Assets - Total Growth,22.74%,14.37%,27.01%,0.00%,-,,,,,,
,,,,
Return On Average Assets,0.60%,-,-,-,-,,,,,,
,,,,

Total Deposits,"289,495.0","251,130.0","231,416.0","168,039.0",-,,,,,,
,,,,
Demand Deposits,"153,946.0","152,425.0","127,105.0","86,767.0",-,,,,,,
,,,,
Savings/Time Deposits,"135,549.0","98,705.0","104,311.0","81,272.0",-,,,,,,
,,,,
Foreign Office Deposits,-,-,-,-,-,

Unspecified Deposits,-,-,-,-,-,

Deposits Growth,15.28%,8.52%,37.72%,0.00%,-,,,,,,
,,,,
Total Debt,"47,638.0","16,681.0","20,553.0","26,031.0",-,,,,,,
,,,,
ST Debt & Current Portion LT Debt,"11,057.0",-,"3,872.0","4,658.0",-,,,,,,
,,,,
Current Portion of Long Term Debt,"11,057.0",-,"3,872.0","4,658.0",-,,,,,,
,,,,
Short Term Debt,-,-,-,-,-,

Long-Term Debt,"36,581.0","16,681.0","16,681.0","21,373.0",-,,,,,,
,,,,
LT Debt excl. Capitalized Leases,"36,581.0","16,681.0","16,681.0","21,373.0",-,,,,,,
,,,,
Capitalized Lease Obligations,-,-,-,-,-,

Provision for Risks & Charges,403.0,-,-,-,-,,,,,,
,,,,
Long Term Debt Growth,119.30%,0.00%,-21.95%,0.00%,-,,,,,,,,,,,
,,,,
,,,,
Total Assets FOR CALCULATION PURPOSES ONLY,"386,792.0","315,137.0","275,540.0","216,952.0",-,,,,,,
,,,,
Total Debt / Total Assets,12.32%,5.29%,7.46%,12.00%,-,,,,,,
,,,,
Deferred Tax Liabilities,"(1,656.0)",(945.0),(672.0),(532.0),-,,,,,,,,,,,
,,,,
,,,,
Deferred Taxes - Credit,245.0,208.0,216.0,67.0,-,,,,,,
,,,,
Deferred Taxes - Debit,"1,901.0","1,153.0",888.0,599.0,-,,,,,,
,,,,
Other Liabilities,"3,024.0","1,284.0","1,386.0",612.0,-,,,,,,
,,,,
Deferred Tax Liability-Untaxed Reserves,-,-,-,-,-,

Other Liabilities (excl. Deferred Income),"3,024.0","1,284.0","1,386.0",612.0,-,,,,,,
,,,,
Deferred Income,-,-,-,-,-,

Total Liabilities,"340,805.0","269,303.0","253,571.0","194,749.0",-,,,,,,
,,,,
Total Liabilities Growth,26.55%,6.20%,30.20%,0.00%,-,,,,,,
,,,,
Preferred Stock (Carrying Value),-,-,-,-,-,

Redeemable Preferred Stock,-,-,-,-,-,

Non-Redeemable Preferred Stock,-,-,-,-,-,

Preferred Stock issues for ESOP,-,-,-,-,-,

ESOP Guarantees - Preferred Stock,-,-,-,-,-,

Common Equity (Total),"45,987.0","45,834.0","21,969.0","22,203.0",-,,,,,,
,,,,
Common Stock Par/Carry Value,27.0,28.0,-,-,-,,,,,,
,,,,
Additional Paid-In Capital/Capital Surplus,"25,721.0","26,176.0",-,-,-,,,,,,
,,,,
Retained Earnings,"24,779.0","22,665.0","21,880.0","22,295.0",-,,,,,,
,,,,
ESOP Debt Guarantee,"(2,608.0)","(2,753.0)",-,-,-,,,,,,,,,,,
,,,,
,,,,
Cumulative Translation Adjustment/Unrealized For. Exch. Gain,-,-,-,-,-,

Unrealized Gain/Loss Marketable Securities,-,-,-,-,-,

Revaluation Reserves,-,-,-,-,-,

Other Appropriated Reserves,"(1,932.0)",(282.0),89.0,(92.0),-,,,,,,,,,,,
,,,,
,,,,
Unappropriated Reserves,-,-,-,-,-,

Treasury Stock,-,-,-,-,-,

Common Equity / Total Assets,0.12%,0.15%,0.08%,0.10%,-,,,,,,
,,,,
Total Shareholders' Equity,"45,987.0","45,834.0","21,969.0","22,203.0",-,,,,,,
,,,,
Total Shareholders' Equity / Total Assets,11.89%,14.54%,7.97%,10.23%,-,,,,,,
,,,,
Return On Average Total Equity,4.60%,-,-,-,-,,,,,,
,,,,
Accumulated Minority Interest,-,-,-,-,-,

Total Equity,"45,987.0","45,834.0","21,969.0","22,203.0",-,,,,,,
,,,,
Liabilities & Shareholders' Equity,"386,792.0","315,137.0","275,540.0","216,952.0",-,,,,,,
,,,,
