Fiscal year is July-June. All values USD Millions.,2022,2021,2020,2019,2018,5-year trend,All values USD Millions.,2022,2021,2020,2019,2018,5-year trend
Total Cash & Due from Banks,30,24,21,48,23,,,,,,
,,,,
Cash & Due from Banks Growth,21.80%,15.59%,-56.21%,108.67%,-,,,,,,,,,,,
,,,,
,,,,
Investments - Total,855,605,271,295,193,,,,,,
,,,,
Trading Account Securities,-,-,-,-,-,

Federal Funds Sold & Securities Purchased,3,0,1,2,9,,,,,,
,,,,
Federal Funds Sold,3,0,1,2,9,,,,,,
,,,,
Securities Bought Under Resale Agreement,-,-,-,-,-,

Treasury Securities,366,216,62,71,59,,,,,,
,,,,
Federal Agency Securities,-,-,-,-,-,

State & Municipal Securities,119,52,18,19,25,,,,,,
,,,,
Mortgage Backed Securities,-,-,1,1,1,,,,,,
,,,,
Other Securities,23,11,11,9,9,,,,,,
,,,,
Other Investments,344,327,178,194,91,,,,,,
,,,,
Investments Growth,41.29%,123.57%,-8.32%,53.13%,-,,,,,,,,,,,
,,,,
,,,,
Net Loans,983,"1,082","1,148","1,038",986,,,,,,
,,,,
Gross Loans - Net of Unearned Income,-,-,-,-,-,

Commercial & Industrial Loans,103,168,237,167,194,,,,,,
,,,,
Consumer & Installment Loans,22,26,31,21,15,,,,,,
,,,,
Interbank Loans,-,-,-,-,-,

Real Estate Mortgage Loans,876,910,903,861,788,,,,,,
,,,,
Lease Financing Loans,-,-,-,-,-,

Foreign Loans,-,-,-,-,-,

Broker & Financial Institution Loans,-,-,-,-,-,

Unspecified/Other Loans,3,2,1,2,2,,,,,,
,,,,
Unearned Income,-,-,-,-,-,

Loan Loss Allowances (Reserves),(23),(23),(23),(14),(14),,,,,,,,,,,
,,,,
,,,,
Investment in Unconsolidated Subs.,-,-,-,-,-,

Customer Liability on Acceptances,-,-,-,-,-,

Real Estate Other Than Bank Premises,-,0,0,0,0,,,,,,
,,,,
Loans - 1 Yr Growth Rate,-9.17%,-5.80%,10.62%,5.30%,-,,,,,,,,,,,
,,,,
,,,,
Total Deposits FOR CALC PURPOSES,"1,686","1,537","1,276","1,337","1,156",,,,,,
,,,,
Loans (Total) / Total Deposits,0.00%,0.00%,0.00%,0.00%,0.00%,-
Loans (Total) / Total Assets,0.00%,0.00%,0.00%,0.00%,0.00%,-
"Net Property, Plant & Equipment",37,39,41,42,43,,,,,,
,,,,
Other Assets (Including Intangibles),48,36,33,38,33,,,,,,
,,,,
Other Assets,37,27,24,28,23,,,,,,
,,,,
Intangible Assets,11,9,9,10,10,,,,,,
,,,,
Deferred Charges,-,-,-,-,-,

Interest Receivables,5,4,3,4,4,,,,,,
,,,,
Total Assets,"1,970","1,803","1,534","1,476","1,291",,,,,,
,,,,
Assets - Total Growth,9.29%,17.55%,3.95%,14.33%,-,,,,,,
,,,,
Return On Average Assets,0.54%,-,-,-,-,,,,,,
,,,,

Total Deposits,"1,686","1,537","1,276","1,337","1,156",,,,,,
,,,,
Demand Deposits,"1,273","1,135",892,950,777,,,,,,
,,,,
Savings/Time Deposits,407,396,378,381,373,,,,,,
,,,,
Foreign Office Deposits,-,-,-,-,-,

Unspecified Deposits,6,6,6,6,5,,,,,,
,,,,
Deposits Growth,9.71%,20.41%,-4.57%,15.72%,-,,,,,,,,,,,
,,,,
,,,,
Total Debt,-,-,-,-,-,

ST Debt & Current Portion LT Debt,-,-,-,-,-,

Current Portion of Long Term Debt,-,-,-,-,-,

Short Term Debt,-,-,-,-,-,

Long-Term Debt,-,-,-,-,-,

LT Debt excl. Capitalized Leases,-,-,-,-,-,

Capitalized Lease Obligations,-,-,-,-,-,

Provision for Risks & Charges,2,2,12,2,2,,,,,,
,,,,
Long Term Debt Growth,-,-,-,-,-,

Total Assets FOR CALCULATION PURPOSES ONLY,"1,970","1,803","1,534","1,476","1,291",,,,,,
,,,,
Total Debt / Total Assets,0.00%,0.00%,0.00%,0.00%,0.00%,-
Deferred Tax Liabilities,(7),(5),(8),(3),(2),,,,,,,,,,,
,,,,
,,,,
Deferred Taxes - Credit,6,7,7,7,7,,,,,,
,,,,
Deferred Taxes - Debit,13,12,16,10,9,,,,,,
,,,,
Other Liabilities,34,20,20,11,9,,,,,,
,,,,
Deferred Tax Liability-Untaxed Reserves,-,-,-,-,-,

Other Liabilities (excl. Deferred Income),34,20,20,11,9,,,,,,
,,,,
Deferred Income,-,-,-,-,-,

Total Liabilities,"1,728","1,565","1,316","1,358","1,173",,,,,,
,,,,
Total Liabilities Growth,10.40%,18.94%,-3.13%,15.84%,-,,,,,,,,,,,
,,,,
,,,,
Preferred Stock (Carrying Value),-,-,-,-,-,

Redeemable Preferred Stock,-,-,-,-,-,

Non-Redeemable Preferred Stock,-,-,-,-,-,

Preferred Stock issues for ESOP,-,-,-,-,-,

ESOP Guarantees - Preferred Stock,-,-,-,-,-,

Common Equity (Total),243,238,224,123,118,,,,,,
,,,,
Common Stock Par/Carry Value,0,0,0,-,-,,,,,,
,,,,
Additional Paid-In Capital/Capital Surplus,114,114,114,-,11,,,,,,
,,,,
Retained Earnings,151,141,140,134,116,,,,,,
,,,,
ESOP Debt Guarantee,(11),(12),(13),-,-,,,,,,,,,,,
,,,,
,,,,
Cumulative Translation Adjustment/Unrealized For. Exch. Gain,-,-,-,-,-,

Unrealized Gain/Loss Marketable Securities,(11),0,0,0,0,,,,,,,,,,,
,,,,
,,,,
Revaluation Reserves,-,-,-,-,-,

Other Appropriated Reserves,(0),(5),(18),(11),(9),,,,,,,,,,,
,,,,
,,,,
Unappropriated Reserves,-,-,-,-,-,

Treasury Stock,-,-,-,-,-,

Common Equity / Total Assets,0.12%,0.13%,0.15%,0.08%,0.09%,,,,,,
,,,,
Total Shareholders' Equity,243,238,224,123,118,,,,,,
,,,,
Total Shareholders' Equity / Total Assets,12.31%,13.19%,14.60%,8.35%,9.15%,,,,,,
,,,,
Return On Average Total Equity,4.28%,-,-,-,-,,,,,,
,,,,
Accumulated Minority Interest,-,-,-,-,-,

Total Equity,243,238,224,123,118,,,,,,
,,,,
Liabilities & Shareholders' Equity,"1,970","1,803","1,540","1,482","1,291",,,,,,
,,,,
